h,p,q,coeficientes,SSE,AIC
1,8,2,0.013778 1.010807 -0.067427 -0.178831 -0.156399 0.094645 0.044041 0.013983 -0.025438 -0.245556 0.738990,4.606727069846074,794.9239267044162
2,8,2,0.027283 0.985659 -0.286979 -0.356842 -0.025726 0.168194 0.023579 -0.046411 0.015937 0.458747 0.759166,7.552884294084286,1043.0744055871812
3,8,2,0.039115 0.765671 -0.438279 -0.293094 0.060014 0.209346 -0.055176 -0.067524 0.069255 0.462155 0.670239,16.748706594025347,1442.4338026593139
4,8,2,0.048947 0.324314 -0.216036 -0.173123 0.023444 0.083351 0.007221 0.025468 -0.004246 0.497269 0.405684,23.417714126958263,1608.2068532226765
5,8,2,0.053251 0.096776 -0.136797 -0.062766 -0.001121 0.054691 0.063903 -0.015241 -0.008889 0.341860 0.179468,26.268585462562523,1662.7236255786809
